{
  "0.001": {
    "avg_energy_joules": 4.17,
    "avg_accuracy": 0.2740078570694293,
    "routing_entropy": 2.7598786057075624,
    "expert_usage_distribution": [
      0.078125,
      0.046875,
      0.0625,
      0.060546875,
      0.0693359375,
      0.0498046875,
      0.052734375,
      0.060546875,
      0.0634765625,
      0.0634765625,
      0.0478515625,
      0.0634765625,
      0.072265625,
      0.08203125,
      0.0703125,
      0.056640625
    ],
    "ttt_update_count": 50,
    "energy_savings_percent": 7.333333333333335,
    "accuracy_loss_percent": 71.15706767690217,
    "final_base_penalty": 4.17e-06,
    "penalty_reasonable": true
  },
  "0.01": {
    "avg_energy_joules": 4.17,
    "avg_accuracy": 0.280516459233249,
    "routing_entropy": 2.7665343604947714,
    "expert_usage_distribution": [
      0.0615234375,
      0.06640625,
      0.0703125,
      0.08203125,
      0.056640625,
      0.064453125,
      0.0654296875,
      0.068359375,
      0.060546875,
      0.064453125,
      0.0595703125,
      0.0556640625,
      0.05859375,
      0.0576171875,
      0.0556640625,
      0.052734375
    ],
    "ttt_update_count": 50,
    "energy_savings_percent": 7.333333333333335,
    "accuracy_loss_percent": 70.471951659658,
    "final_base_penalty": 4.1700000000000004e-05,
    "penalty_reasonable": true
  },
  "0.05": {
    "avg_energy_joules": 4.17,
    "avg_accuracy": 0.2772165902577994,
    "routing_entropy": 2.7600525732011887,
    "expert_usage_distribution": [
      0.0673828125,
      0.05859375,
      0.06640625,
      0.052734375,
      0.033203125,
      0.0732421875,
      0.0654296875,
      0.0595703125,
      0.0634765625,
      0.0703125,
      0.072265625,
      0.0654296875,
      0.0654296875,
      0.0556640625,
      0.0625,
      0.068359375
    ],
    "ttt_update_count": 50,
    "energy_savings_percent": 7.333333333333335,
    "accuracy_loss_percent": 70.8193062886527,
    "final_base_penalty": 0.0002085,
    "penalty_reasonable": true
  },
  "0.1": {
    "avg_energy_joules": 4.17,
    "avg_accuracy": 0.26889116005613034,
    "routing_entropy": 2.7640361760441596,
    "expert_usage_distribution": [
      0.0517578125,
      0.0576171875,
      0.0693359375,
      0.0654296875,
      0.060546875,
      0.0712890625,
      0.0625,
      0.0751953125,
      0.056640625,
      0.0693359375,
      0.0693359375,
      0.0576171875,
      0.064453125,
      0.0419921875,
      0.0654296875,
      0.0615234375
    ],
    "ttt_update_count": 50,
    "energy_savings_percent": 7.333333333333335,
    "accuracy_loss_percent": 71.6956673625126,
    "final_base_penalty": 0.000417,
    "penalty_reasonable": true
  },
  "0.2": {
    "avg_energy_joules": 4.17,
    "avg_accuracy": 0.2541502775418961,
    "routing_entropy": 2.75999909924311,
    "expert_usage_distribution": [
      0.0869140625,
      0.0625,
      0.0615234375,
      0.052734375,
      0.07421875,
      0.0546875,
      0.06640625,
      0.0615234375,
      0.0576171875,
      0.0517578125,
      0.0703125,
      0.0458984375,
      0.0537109375,
      0.0595703125,
      0.0732421875,
      0.0673828125
    ],
    "ttt_update_count": 50,
    "energy_savings_percent": 7.333333333333335,
    "accuracy_loss_percent": 73.24733920611621,
    "final_base_penalty": 0.000834,
    "penalty_reasonable": true
  }
}