{
  "0.001": {
    "avg_energy_joules": 4.17,
    "avg_accuracy": 0.282146754935821,
    "routing_entropy": 2.7653183307154583,
    "expert_usage_distribution": [
      0.060546875,
      0.06640625,
      0.0634765625,
      0.0546875,
      0.0712890625,
      0.056640625,
      0.064453125,
      0.0654296875,
      0.0810546875,
      0.07421875,
      0.0576171875,
      0.052734375,
      0.0556640625,
      0.0537109375,
      0.060546875,
      0.0615234375
    ],
    "ttt_update_count": 50,
    "energy_savings_percent": 7.333333333333335,
    "accuracy_loss_percent": 70.30034158570305,
    "final_base_penalty": 4.1700000000000004e-05,
    "penalty_reasonable": true
  },
  "0.01": {
    "avg_energy_joules": 4.17,
    "avg_accuracy": 0.2731850585634785,
    "routing_entropy": 2.763788368657713,
    "expert_usage_distribution": [
      0.05859375,
      0.0654296875,
      0.0546875,
      0.0546875,
      0.0537109375,
      0.06640625,
      0.07421875,
      0.056640625,
      0.060546875,
      0.068359375,
      0.08203125,
      0.0546875,
      0.0517578125,
      0.064453125,
      0.0732421875,
      0.060546875
    ],
    "ttt_update_count": 50,
    "energy_savings_percent": 7.333333333333335,
    "accuracy_loss_percent": 71.24367804594964,
    "final_base_penalty": 0.000417,
    "penalty_reasonable": true
  },
  "0.05": {
    "avg_energy_joules": 4.17,
    "avg_accuracy": 0.26357353873043077,
    "routing_entropy": 2.760293181932698,
    "expert_usage_distribution": [
      0.0556640625,
      0.0703125,
      0.048828125,
      0.0615234375,
      0.072265625,
      0.064453125,
      0.0556640625,
      0.0703125,
      0.05859375,
      0.0693359375,
      0.0556640625,
      0.0703125,
      0.0771484375,
      0.048828125,
      0.0458984375,
      0.0751953125
    ],
    "ttt_update_count": 50,
    "energy_savings_percent": 7.333333333333335,
    "accuracy_loss_percent": 72.25541697574413,
    "final_base_penalty": 0.002085,
    "penalty_reasonable": true
  },
  "0.1": {
    "avg_energy_joules": 4.17,
    "avg_accuracy": 0.2612200118103499,
    "routing_entropy": 2.7659535308408527,
    "expert_usage_distribution": [
      0.0595703125,
      0.0673828125,
      0.0693359375,
      0.064453125,
      0.0634765625,
      0.0556640625,
      0.072265625,
      0.0654296875,
      0.05859375,
      0.0693359375,
      0.0556640625,
      0.046875,
      0.07421875,
      0.0595703125,
      0.064453125,
      0.0537109375
    ],
    "ttt_update_count": 50,
    "energy_savings_percent": 7.333333333333335,
    "accuracy_loss_percent": 72.50315665154213,
    "final_base_penalty": 0.00417,
    "penalty_reasonable": true
  },
  "0.2": {
    "avg_energy_joules": 4.17,
    "avg_accuracy": 0.25822669637178924,
    "routing_entropy": 2.76364751344724,
    "expert_usage_distribution": [
      0.06640625,
      0.0732421875,
      0.0751953125,
      0.060546875,
      0.0517578125,
      0.0517578125,
      0.0517578125,
      0.0673828125,
      0.064453125,
      0.0634765625,
      0.0498046875,
      0.0712890625,
      0.0537109375,
      0.0732421875,
      0.064453125,
      0.0615234375
    ],
    "ttt_update_count": 50,
    "energy_savings_percent": 7.333333333333335,
    "accuracy_loss_percent": 72.81824248718009,
    "final_base_penalty": 0.00834,
    "penalty_reasonable": true
  }
}