{
  "avg_adaptation_score": 0.009993969156543417,
  "ttt_updates": 30,
  "hardware_used": false,
  "adaptation_scores": {
    "energy_imbalance": 0.0,
    "thermal_imbalance": 0.0,
    "combined_stress": 0.029981907469630253
  },
  "expert_usage_history": [
    [
      57.0,
      67.0,
      78.0,
      66.0,
      55.0,
      58.0,
      63.0,
      60.0,
      64.0,
      65.0,
      79.0,
      56.0,
      69.0,
      60.0,
      59.0,
      68.0
    ],
    [
      57.0,
      73.0,
      70.0,
      44.0,
      60.0,
      75.0,
      83.0,
      63.0,
      55.0,
      76.0,
      66.0,
      74.0,
      55.0,
      54.0,
      65.0,
      54.0
    ],
    [
      54.0,
      65.0,
      74.0,
      73.0,
      65.0,
      60.0,
      64.0,
      63.0,
      63.0,
      55.0,
      59.0,
      51.0,
      70.0,
      79.0,
      58.0,
      71.0
    ],
    [
      57.0,
      66.0,
      72.0,
      63.0,
      60.0,
      95.0,
      58.0,
      59.0,
      76.0,
      66.0,
      60.0,
      50.0,
      62.0,
      62.0,
      62.0,
      56.0
    ],
    [
      57.0,
      80.0,
      73.0,
      63.0,
      57.0,
      60.0,
      59.0,
      70.0,
      76.0,
      68.0,
      56.0,
      54.0,
      49.0,
      62.0,
      58.0,
      82.0
    ],
    [
      76.0,
      63.0,
      62.0,
      62.0,
      65.0,
      53.0,
      75.0,
      67.0,
      72.0,
      52.0,
      66.0,
      72.0,
      63.0,
      65.0,
      55.0,
      56.0
    ],
    [
      51.0,
      52.0,
      67.0,
      61.0,
      55.0,
      72.0,
      86.0,
      68.0,
      64.0,
      58.0,
      76.0,
      68.0,
      54.0,
      58.0,
      67.0,
      67.0
    ],
    [
      76.0,
      72.0,
      60.0,
      67.0,
      54.0,
      70.0,
      69.0,
      52.0,
      69.0,
      51.0,
      72.0,
      58.0,
      71.0,
      59.0,
      56.0,
      68.0
    ],
    [
      63.0,
      61.0,
      79.0,
      51.0,
      71.0,
      71.0,
      68.0,
      75.0,
      63.0,
      51.0,
      63.0,
      53.0,
      57.0,
      66.0,
      62.0,
      70.0
    ],
    [
      66.0,
      56.0,
      61.0,
      60.0,
      60.0,
      74.0,
      47.0,
      51.0,
      67.0,
      63.0,
      80.0,
      71.0,
      62.0,
      61.0,
      72.0,
      73.0
    ],
    [
      54.0,
      74.0,
      54.0,
      69.0,
      67.0,
      71.0,
      58.0,
      76.0,
      57.0,
      59.0,
      62.0,
      69.0,
      53.0,
      73.0,
      58.0,
      70.0
    ],
    [
      52.0,
      62.0,
      75.0,
      59.0,
      58.0,
      59.0,
      68.0,
      65.0,
      58.0,
      53.0,
      85.0,
      68.0,
      80.0,
      63.0,
      61.0,
      58.0
    ],
    [
      63.0,
      53.0,
      69.0,
      60.0,
      58.0,
      72.0,
      62.0,
      69.0,
      69.0,
      69.0,
      61.0,
      66.0,
      54.0,
      55.0,
      70.0,
      74.0
    ],
    [
      60.0,
      63.0,
      60.0,
      70.0,
      61.0,
      67.0,
      67.0,
      51.0,
      64.0,
      54.0,
      63.0,
      63.0,
      76.0,
      66.0,
      57.0,
      82.0
    ],
    [
      56.0,
      63.0,
      64.0,
      58.0,
      59.0,
      84.0,
      52.0,
      62.0,
      65.0,
      68.0,
      61.0,
      75.0,
      65.0,
      54.0,
      58.0,
      80.0
    ],
    [
      56.0,
      58.0,
      71.0,
      79.0,
      72.0,
      61.0,
      63.0,
      51.0,
      63.0,
      65.0,
      66.0,
      73.0,
      63.0,
      56.0,
      64.0,
      63.0
    ],
    [
      61.0,
      70.0,
      63.0,
      45.0,
      70.0,
      60.0,
      60.0,
      64.0,
      67.0,
      87.0,
      65.0,
      69.0,
      52.0,
      68.0,
      63.0,
      60.0
    ],
    [
      63.0,
      69.0,
      93.0,
      59.0,
      56.0,
      63.0,
      52.0,
      63.0,
      69.0,
      53.0,
      66.0,
      67.0,
      74.0,
      64.0,
      52.0,
      61.0
    ],
    [
      56.0,
      64.0,
      78.0,
      54.0,
      66.0,
      64.0,
      57.0,
      66.0,
      71.0,
      68.0,
      69.0,
      61.0,
      60.0,
      70.0,
      70.0,
      50.0
    ],
    [
      51.0,
      65.0,
      59.0,
      58.0,
      71.0,
      59.0,
      77.0,
      65.0,
      74.0,
      68.0,
      75.0,
      64.0,
      61.0,
      58.0,
      53.0,
      66.0
    ],
    [
      52.0,
      84.0,
      68.0,
      51.0,
      67.0,
      71.0,
      59.0,
      61.0,
      73.0,
      54.0,
      59.0,
      71.0,
      72.0,
      55.0,
      69.0,
      58.0
    ],
    [
      64.0,
      58.0,
      61.0,
      70.0,
      68.0,
      69.0,
      69.0,
      58.0,
      74.0,
      51.0,
      67.0,
      68.0,
      59.0,
      52.0,
      62.0,
      74.0
    ],
    [
      59.0,
      65.0,
      67.0,
      62.0,
      71.0,
      72.0,
      48.0,
      68.0,
      86.0,
      56.0,
      63.0,
      71.0,
      52.0,
      57.0,
      62.0,
      65.0
    ],
    [
      54.0,
      65.0,
      73.0,
      59.0,
      52.0,
      61.0,
      56.0,
      73.0,
      63.0,
      52.0,
      73.0,
      64.0,
      64.0,
      68.0,
      72.0,
      75.0
    ],
    [
      60.0,
      67.0,
      73.0,
      59.0,
      62.0,
      61.0,
      68.0,
      56.0,
      61.0,
      63.0,
      63.0,
      64.0,
      56.0,
      64.0,
      75.0,
      72.0
    ],
    [
      53.0,
      68.0,
      55.0,
      70.0,
      61.0,
      77.0,
      69.0,
      51.0,
      75.0,
      67.0,
      65.0,
      53.0,
      68.0,
      48.0,
      70.0,
      74.0
    ],
    [
      59.0,
      90.0,
      67.0,
      52.0,
      53.0,
      71.0,
      75.0,
      64.0,
      71.0,
      60.0,
      54.0,
      53.0,
      68.0,
      62.0,
      54.0,
      71.0
    ],
    [
      71.0,
      69.0,
      57.0,
      63.0,
      65.0,
      70.0,
      74.0,
      70.0,
      60.0,
      58.0,
      62.0,
      64.0,
      59.0,
      51.0,
      68.0,
      63.0
    ],
    [
      60.0,
      68.0,
      71.0,
      63.0,
      72.0,
      65.0,
      80.0,
      63.0,
      64.0,
      56.0,
      71.0,
      60.0,
      52.0,
      50.0,
      58.0,
      71.0
    ],
    [
      52.0,
      66.0,
      69.0,
      67.0,
      59.0,
      64.0,
      71.0,
      61.0,
      67.0,
      52.0,
      62.0,
      77.0,
      65.0,
      67.0,
      64.0,
      61.0
    ]
  ]
}